date,GOOG,APPL,AMZN,FB,MSFT
2019-04-24,1256,207.160004,1901.75,182.580002,125.010002
2019-04-25,1263.449951,205.279999,1902.25,193.259995,129.149994
2019-04-26,1272.180054,204.300003,1950.630005,191.490005,129.889999
2019-04-29,1287.579956,204.610001,1938.430054,194.779999,129.770004
2019-04-30,1188.47998,200.669998,1926.52002,193.399994,130.600006
2019-05-01,1168.079956,210.520004,1911.52002,193.029999,127.879997
2019-05-02,1162.609985,209.149994,1900.819946,192.529999,126.209999
2019-05-03,1185.400024,211.75,1962.459961,195.470001,128.899994
2019-05-06,1189.390015,208.479996,1950.550049,193.880005,128.149994
2019-05-07,1174.099976,202.860001,1921,189.770004,125.519997
2019-05-08,1166.27002,202.899994,1917.77002,189.539993,125.510002
2019-05-09,1162.380005,200.720001,1899.869995,188.649994,125.5
2019-05-10,1164.27002,197.179993,1889.97998,188.339996,127.129997
2019-05-13,1132.030029,185.720001,1822.680054,181.539993,123.349998
2019-05-14,1120.439941,188.660004,1840.119995,180.729996,124.730003
2019-05-15,1164.209961,190.919998,1871.150024,186.270004,126.019997
2019-05-16,1178.97998,190.080002,1907.569946,186.990005,128.929993
2019-05-17,1162.300049,189,1869,185.300003,128.070007
2019-05-20,1138.849976,183.089996,1858.969971,182.720001,126.220001
2019-05-21,1149.630005,186.600006,1857.52002,184.820007,126.900002
2019-05-22,1151.420044,182.779999,1859.680054,185.320007,127.669998
2019-05-23,1140.77002,179.660004,1815.47998,180.869995,126.18
2019-05-24,1133.469971,178.970001,1823.280029,181.059998,126.239998
2019-05-28,1134.150024,178.229996,1836.430054,184.309998,126.160004
2019-05-29,1116.459961,177.380005,1819.189941,182.190002,124.940002
2019-05-30,1117.949951,178.300003,1816.319946,183.009995,125.730003
2019-05-31,1103.630005,175.070007,1775.069946,177.470001,123.68
2019-06-03,1036.22998,173.300003,1692.689941,164.149994,119.839996
2019-06-04,1053.050049,179.639999,1729.560059,167.5,123.160004
2019-06-05,1042.219971,182.539993,1738.5,168.169998,125.830002
2019-06-06,1044.339966,185.220001,1754.359985,168.330002,127.82
2019-06-07,1066.040039,190.149994,1804.030029,173.350006,131.399994
2019-06-10,1080.380005,192.580002,1860.630005,174.820007,132.600006
2019-06-11,1078.719971,194.809998,1863.699951,178.100006,132.100006
2019-06-12,1077.030029,194.190002,1855.319946,175.039993,131.490005
2019-06-13,1088.77002,194.149994,1870.300049,177.470001,132.320007
2019-06-14,1085.349976,192.740005,1869.670044,181.330002,132.449997
2019-06-17,1092.5,193.889999,1886.030029,189.009995,132.850006
2019-06-18,1103.599976,198.449997,1901.369995,188.470001,135.160004
2019-06-19,1102.329956,197.869995,1908.790039,187.479996,135.690002
2019-06-20,1111.420044,199.460007,1918.189941,189.529999,136.949997
2019-06-21,1121.880005,198.779999,1911.300049,191.139999,136.970001
2019-06-24,1115.52002,198.580002,1913.900024,192.600006,137.779999
2019-06-25,1086.349976,195.570007,1878.27002,188.839996,133.429993
2019-06-26,1079.800049,199.800003,1897.829956,187.660004,133.929993
2019-06-27,1076.01001,199.740005,1904.280029,189.5,134.149994
2019-06-28,1080.910034,197.919998,1893.630005,193,133.960007
2019-07-01,1097.949951,201.550003,1922.189941,193,135.679993
2019-07-02,1111.25,202.729996,1934.310059,195,136.580002
2019-07-03,1121.579956,204.410004,1939,197.199997,137.460007
2019-07-05,1131.589966,204.229996,1942.910034,196.399994,137.059998
2019-07-08,1116.349976,200.020004,1952.319946,195.759995,136.960007
2019-07-09,1124.829956,201.240005,1988.300049,199.210007,136.460007
2019-07-10,1140.47998,203.229996,2017.410034,202.729996,137.850006
2019-07-11,1144.209961,201.75,2001.069946,201.229996,138.399994
2019-07-12,1144.900024,203.300003,2011,204.869995,138.899994
2019-07-15,1150.339966,205.210007,2020.98999,203.910004,138.899994
2019-07-16,1153.579956,204.5,2009.900024,203.839996,137.080002
2019-07-17,1146.349976,203.350006,1992.030029,201.800003,136.270004
2019-07-18,1146.329956,205.660004,1977.900024,200.779999,136.419998
2019-07-19,1130.099976,202.589996,1964.52002,198.360001,136.619995
2019-07-22,1138.069946,207.220001,1985.630005,202.320007,138.429993
2019-07-23,1146.209961,208.839996,1994.48999,202.360001,139.289993
2019-07-24,1137.810059,208.669998,2000.810059,204.660004,140.720001
2019-07-25,1132.119995,207.020004,1973.819946,200.710007,140.190002
2019-07-26,1250.410034,207.740005,1943.050049,199.75,141.339996
2019-07-29,1239.410034,209.679993,1912.449951,195.940002,141.029999
2019-07-30,1225.140015,208.779999,1898.530029,197.039993,140.350006
2019-07-31,1216.680054,213.039993,1866.780029,194.229996,136.270004
2019-08-01,1209.01001,208.429993,1855.319946,192.729996,138.059998
2019-08-02,1193.98999,204.020004,1823.23999,189.020004,136.899994
2019-08-05,1152.319946,193.339996,1765.130005,181.729996,132.210007
2019-08-06,1169.949951,197,1787.829956,184.509995,134.690002
2019-08-07,1173.98999,199.039993,1793.400024,185.149994,135.279999
2019-08-08,1204.800049,203.429993,1832.890015,190.160004,138.889999
2019-08-09,1188.01001,200.990005,1807.579956,187.850006,137.710007
2019-08-12,1174.709961,200.479996,1784.920044,185.369995,135.789993
2019-08-13,1197.27002,208.970001,1824.339966,188.449997,138.600006
2019-08-14,1164.290039,202.75,1762.959961,179.710007,133.979996
2019-08-15,1167.26001,201.740005,1776.119995,182.589996,133.679993
2019-08-16,1177.599976,206.5,1792.569946,183.699997,136.130005
2019-08-19,1198.449951,210.350006,1816.119995,186.169998,138.410004
2019-08-20,1182.689941,210.360001,1801.380005,183.809998,137.259995
2019-08-21,1191.25,212.639999,1823.540039,183.550003,138.789993
2019-08-22,1189.530029,212.460007,1804.660034,182.039993,137.779999
2019-08-23,1151.290039,202.639999,1749.619995,177.75,133.389999
2019-08-26,1168.890015,206.490005,1768.869995,180.360001,135.449997
2019-08-27,1167.839966,204.160004,1761.829956,181.300003,135.740005
2019-08-28,1171.02002,205.529999,1764.25,181.759995,135.559998
2019-08-29,1192.849976,209.009995,1786.400024,185.570007,138.119995
2019-08-30,1188.099976,208.740005,1776.290039,185.669998,137.860001
2019-09-03,1168.390015,205.699997,1789.839966,182.389999,136.039993
2019-09-04,1181.410034,209.190002,1800.619995,187.139999,137.630005
2019-09-05,1211.380005,213.279999,1840.719971,190.899994,140.050003
2019-09-06,1204.930054,213.259995,1833.51001,187.490005,139.100006
2019-09-09,1204.410034,214.169998,1831.349976,188.759995,137.520004
2019-09-10,1206,216.699997,1820.550049,186.169998,136.080002
2019-09-11,1220.170044,223.589996,1822.98999,188.490005,136.119995
2019-09-12,1234.25,223.089996,1843.550049,187.470001,137.520004
2019-09-13,1239.560059,218.75,1839.339966,187.190002,137.320007
2019-09-16,1231.300049,219.899994,1807.839966,186.220001,136.330002
2019-09-17,1229.150024,220.699997,1822.550049,188.080002,137.389999
2019-09-18,1232.410034,222.770004,1817.459961,188.139999,138.520004
2019-09-19,1238.709961,220.960007,1821.5,190.139999,141.070007
2019-09-20,1229.930054,217.729996,1794.160034,189.929993,139.440002
2019-09-23,1234.030029,218.720001,1785.300049,186.820007,139.139999
2019-09-24,1218.76001,217.679993,1741.609985,181.279999,137.380005
2019-09-25,1246.52002,221.029999,1768.329956,182.800003,139.360001
2019-09-26,1241.390015,219.889999,1739.839966,180.110001,139.539993
2019-09-27,1225.089966,218.820007,1725.449951,177.100006,137.729996
2019-09-30,1219,223.970001,1735.910034,178.080002,139.029999
2019-10-01,1205.099976,224.589996,1735.650024,175.809998,137.070007
2019-10-02,1176.630005,218.960007,1713.22998,174.600006,134.649994
2019-10-03,1187.829956,220.820007,1724.420044,179.380005,136.279999
2019-10-04,1209,227.009995,1739.650024,180.449997,138.119995
2019-10-07,1207.680054,227.059998,1732.660034,179.679993,137.119995
2019-10-08,1189.130005,224.399994,1705.51001,177.75,135.669998
2019-10-09,1202.310059,227.029999,1721.98999,179.850006,138.240005
2019-10-10,1208.670044,230.089996,1720.26001,180.029999,139.100006
2019-10-11,1215.449951,236.210007,1731.920044,184.190002,139.679993
2019-10-14,1217.140015,235.869995,1736.430054,183.279999,139.550003
2019-10-15,1243.01001,235.320007,1767.380005,188.889999,141.570007
2019-10-16,1243.640015,234.369995,1777.430054,189.550003,140.410004
2019-10-17,1253.069946,235.279999,1787.47998,190.389999,139.690002
2019-10-18,1245.48999,236.410004,1757.51001,185.850006,137.410004
2019-10-21,1246.150024,240.509995,1785.660034,189.759995,138.429993
2019-10-22,1242.800049,239.960007,1765.72998,182.339996,136.369995
2019-10-23,1259.130005,243.179993,1762.170044,186.149994,137.240005
2019-10-24,1260.98999,243.580002,1780.780029,186.380005,139.940002
2019-10-25,1265.130005,246.580002,1761.329956,187.889999,140.729996
2019-10-28,1290,249.050003,1777.079956,189.399994,144.190002
2019-10-29,1262.619995,243.289993,1762.709961,189.309998,142.830002
2019-10-30,1261.290039,243.259995,1779.98999,188.25,144.610001
2019-10-31,1260.109985,248.759995,1776.660034,191.649994,143.369995
2019-11-01,1273.73999,255.820007,1791.439941,193.619995,143.720001
2019-11-04,1291.369995,257.5,1804.660034,194.720001,144.550003
2019-11-05,1292.030029,257.130005,1801.709961,194.320007,144.460007
2019-11-06,1291.800049,257.23999,1795.77002,191.550003,144.059998
2019-11-07,1308.859985,259.429993,1788.199951,190.419998,144.259995
2019-11-08,1311.369995,260.140015,1785.880005,190.839996,145.960007
2019-11-11,1299.189941,262.200012,1771.650024,189.610001,146.110001
2019-11-12,1298.800049,261.959991,1778,194.470001,147.070007
2019-11-13,1298,264.470001,1753.109985,193.190002,147.309998
2019-11-14,1311.459961,262.640015,1754.599976,193.149994,148.059998
2019-11-15,1334.869995,265.76001,1739.48999,195.100006,149.970001
2019-11-18,1320.699951,267.100006,1752.530029,197.399994,150.339996
2019-11-19,1315.459961,266.290009,1752.790039,199.320007,150.389999
2019-11-20,1303.050049,263.190002,1745.530029,197.509995,149.619995
2019-11-21,1301.349976,262.01001,1734.709961,197.929993,149.479996
2019-11-22,1295.339966,261.779999,1745.719971,198.820007,149.589996
2019-11-25,1306.689941,266.369995,1773.839966,199.789993,151.229996
2019-11-26,1313.550049,264.290009,1796.939941,198.970001,152.029999
2019-11-27,1312.98999,267.839996,1818.51001,202,152.320007
2019-11-29,1304.959961,267.25,1800.800049,201.639999,151.380005
2019-12-02,1289.920044,264.160004,1781.599976,199.699997,149.550003
2019-12-03,1295.280029,259.450012,1769.959961,198.820007,149.309998
2019-12-04,1320.540039,261.73999,1760.689941,198.710007,149.850006
2019-12-05,1328.130005,265.579987,1740.47998,199.360001,149.929993
2019-12-06,1340.619995,270.709991,1751.599976,201.050003,151.75
2019-12-09,1343.560059,266.920013,1749.51001,201.339996,151.360001
2019-12-10,1344.660034,268.480011,1739.209961,200.869995,151.130005
2019-12-11,1345.02002,270.769989,1748.719971,202.259995,151.699997
2019-12-12,1350.27002,271.459991,1760.329956,196.75,153.240005
2019-12-13,1347.829956,275.149994,1760.939941,194.110001,154.529999
2019-12-16,1361.170044,279.859985,1769.209961,197.919998,155.529999
2019-12-17,1355.119995,280.410004,1790.660034,198.389999,154.690002
2019-12-18,1352.619995,279.73999,1784.030029,202.5,154.369995
2019-12-19,1356.040039,280.019989,1792.280029,206.059998,155.710007
2019-12-20,1349.589966,279.440002,1786.5,206.300003,157.410004
2019-12-23,1348.839966,284,1793,206.179993,157.410004
2019-12-24,1343.560059,284.269989,1789.209961,205.119995,157.380005
2019-12-26,1360.400024,289.910004,1868.77002,207.789993,158.669998
2019-12-27,1351.890015,289.799988,1869.800049,208.100006,158.960007
2019-12-30,1336.140015,291.519989,1846.890015,204.410004,157.589996
2019-12-31,1337.02002,293.649994,1847.839966,205.25,157.699997
2020-01-02,1367.369995,300.350006,1898.01001,209.779999,160.619995
2020-01-03,1360.660034,297.429993,1874.969971,208.669998,158.619995
2020-01-06,1394.209961,299.799988,1902.880005,212.600006,159.029999
2020-01-07,1393.339966,298.390015,1906.859985,213.059998,157.580002
2020-01-08,1404.319946,303.190002,1891.969971,215.220001,160.089996
2020-01-09,1419.829956,309.630005,1901.050049,218.300003,162.089996
2020-01-10,1429.72998,310.329987,1883.160034,218.059998,161.339996
2020-01-13,1439.22998,316.959991,1891.300049,221.910004,163.279999
2020-01-14,1430.880005,312.679993,1869.439941,219.059998,162.130005
2020-01-15,1439.199951,311.339996,1862.02002,221.149994,163.179993
2020-01-16,1451.699951,315.23999,1877.939941,221.770004,166.169998
2020-01-17,1480.390015,318.730011,1864.719971,222.139999,167.100006
2020-01-21,1484.400024,316.570007,1892,221.440002,166.5
2020-01-22,1485.949951,317.700012,1887.459961,221.320007,165.699997
2020-01-23,1486.650024,319.230011,1884.579956,219.759995,166.720001
2020-01-24,1466.709961,318.309998,1861.640015,217.940002,165.039993
2020-01-27,1433.900024,308.950012,1828.339966,214.869995,162.279999
2020-01-28,1452.560059,317.690002,1853.25,217.789993,165.460007
2020-01-29,1458.630005,324.339996,1858,223.229996,168.039993
2020-01-30,1455.839966,323.869995,1870.680054,209.529999,172.779999
2020-01-31,1434.22998,309.51001,2008.719971,201.910004,170.229996
2020-02-03,1485.939941,308.660004,2004.199951,204.190002,174.380005
2020-02-04,1447.069946,318.850006,2049.669922,209.830002,180.119995
2020-02-05,1448.22998,321.450012,2039.869995,210.110001,179.899994
2020-02-06,1476.22998,325.209991,2050.22998,210.850006,183.630005
2020-02-07,1479.22998,320.029999,2079.280029,212.330002,183.889999
2020-02-10,1508.680054,321.549988,2133.909912,213.059998,188.699997
2020-02-11,1508.790039,319.609985,2150.800049,207.190002,184.440002
2020-02-12,1518.27002,327.200012,2160,210.759995,184.710007
2020-02-13,1514.660034,324.869995,2149.870117,213.139999,183.710007
2020-02-14,1520.73999,324.950012,2134.870117,214.179993,185.350006
2020-02-18,1519.670044,319,2155.669922,217.800003,187.229996
2020-02-19,1526.689941,323.619995,2170.219971,217.490005,187.279999
2020-02-20,1518.150024,320.299988,2153.100098,214.580002,184.419998
2020-02-21,1485.109985,313.049988,2095.969971,210.179993,178.589996
2020-02-24,1421.589966,298.179993,2009.290039,200.720001,170.889999
2020-02-25,1388.449951,288.079987,1972.73999,196.770004,168.070007
2020-02-26,1393.180054,292.649994,1979.589966,197.199997,170.169998
2020-02-27,1318.089966,273.519989,1884.300049,189.75,158.179993
2020-02-28,1339.329956,273.359985,1883.75,192.470001,162.009995
2020-03-02,1389.109985,298.809998,1953.949951,196.440002,172.789993
2020-03-03,1341.390015,289.320007,1908.98999,185.889999,164.509995
2020-03-04,1386.52002,302.73999,1975.829956,191.759995,170.550003
2020-03-05,1319.040039,292.920013,1924.030029,185.169998,166.270004
2020-03-06,1298.410034,289.029999,1901.089966,181.089996,161.570007
2020-03-09,1215.560059,266.170013,1800.609985,169.5,150.619995
2020-03-10,1280.390015,285.339996,1891.819946,178.190002,160.919998
2020-03-11,1215.410034,275.429993,1820.859985,170.240005,153.630005
2020-03-12,1114.910034,248.229996,1676.609985,154.470001,139.059998
2020-03-13,1219.72998,277.970001,1785,170.279999,158.830002
2020-03-16,1084.329956,242.210007,1689.150024,146.009995,135.419998
2020-03-17,1119.800049,252.860001,1807.839966,149.419998,146.570007
2020-03-18,1096.800049,246.669998,1830,146.960007,140.399994
2020-03-19,1115.290039,244.779999,1880.930054,153.130005,142.710007
2020-03-20,1072.319946,229.240005,1846.089966,149.729996,137.350006
2020-03-23,1056.619995,224.369995,1902.829956,148.100006,135.979996
2020-03-24,1134.459961,246.880005,1940.099976,160.979996,148.339996
2020-03-25,1102.48999,245.520004,1885.839966,156.210007,146.919998
2020-03-26,1161.75,258.440002,1955.48999,163.339996,156.110001
2020-03-27,1110.709961,247.740005,1900.099976,156.789993,149.699997
2020-03-30,1146.819946,254.809998,1963.949951,165.949997,160.229996
2020-03-31,1162.810059,254.289993,1949.719971,166.800003,157.710007
2020-04-01,1105.619995,240.910004,1907.699951,159.600006,152.110001
2020-04-02,1120.839966,244.929993,1918.829956,158.190002,155.259995
2020-04-03,1097.880005,241.410004,1906.589966,154.179993,153.830002
2020-04-06,1186.920044,262.470001,1997.589966,165.550003,165.270004
2020-04-07,1186.51001,259.429993,2011.599976,168.830002,163.490005
2020-04-08,1210.280029,266.070007,2043,174.279999,165.130005
2020-04-09,1211.449951,267.98999,2042.76001,175.190002,165.139999
2020-04-13,1217.560059,273.25,2168.870117,174.789993,165.509995
2020-04-14,1269.22998,287.049988,2283.320068,178.169998,173.699997
2020-04-15,1262.469971,284.429993,2307.679932,176.970001,171.880005
2020-04-16,1263.469971,286.690002,2408.189941,176.25,177.039993
2020-04-17,1283.25,282.799988,2375,179.240005,178.600006
2020-04-20,1266.609985,276.929993,2393.610107,178.240005,175.059998
2020-04-21,1216.339966,268.369995,2328.120117,170.800003,167.820007
2020-04-22,1263.209961,276.100006,2363.48999,182.279999,173.520004
2020-04-23,1276.310059,275.029999,2399.449951,185.130005,171.419998
2020-04-24,1279.310059,282.970001,2410.219971,190.070007,174.550003